,Mean.REGION,Mean.ISLAND,Mean.ANALYSIS_SEC,Mean.REEF_ZONE,Mean.METHOD,Mean.N,Mean.PISCIVORE,Mean.PLANKTIVORE,Mean.PRIMARY,Mean.SECONDARY,Mean.TotalFishBio,Mean.SPECIESRICHNESS,Mean.MEAN_SIZE,Mean.TotalArea,Mean.TotalAreaWithSamples,PooledSE.REGION,PooledSE.ISLAND,PooledSE.ANALYSIS_SEC,PooledSE.REEF_ZONE,PooledSE.METHOD,PooledSE.N,PooledSE.PISCIVORE,PooledSE.PLANKTIVORE,PooledSE.PRIMARY,PooledSE.SECONDARY,PooledSE.TotalFishBio,PooledSE.SPECIESRICHNESS,PooledSE.MEAN_SIZE,Standard Deviation = standard error * sqrt(N),CV of MEAN SIZE = mean size / standard deviation of size
1,SAMOA,Tutuila,Faga'alu,Forereef,nSPC,28,3.472847549,3.354312383,19.98954768,10.12467773,36.94138534,14.44743745,18.73329501,219.6491933,219.6491933,SAMOA,Tutuila,Faga'alu,Forereef,nSPC,28,1.506113225,0.45514028,1.874369363,3.27227863,5.470586311,1.089550047,0.343059254,1.815298943,10.31967494
2,SAMOA,Tutuila,TUT_NE,Forereef,nSPC,62,7.230778368,10.72369917,17.60365338,13.03276122,48.59089214,13.35046745,20.39268882,1314.407358,2628.814716,SAMOA,Tutuila,TUT_NE,Forereef,nSPC,62,1.379925439,2.140401192,1.813322023,3.804375074,6.278966463,0.839641752,0.398482341,3.137653089,6.499344651
3,SAMOA,Tutuila,TUT_NW,Forereef,nSPC,34,4.589847011,3.723786627,17.58764987,5.787831969,31.68911548,14.45438531,19.89153938,583.947798,1167.895596,SAMOA,Tutuila,TUT_NW,Forereef,nSPC,34,0.674234098,0.918253264,1.575502375,0.546955666,2.528444843,0.755870601,0.346550016,2.020716474,9.843805223
4,SAMOA,Tutuila,TUT_SE,Forereef,nSPC,76,3.97588541,9.060982824,18.21431838,7.302755264,38.55394188,12.92025716,19.4701734,1424.080497,2848.160994,SAMOA,Tutuila,TUT_SE,Forereef,nSPC,76,1.015125827,1.910437445,1.402847335,1.243787056,3.332171992,0.716087747,0.349288932,3.045030316,6.394081956
5,SAMOA,Tutuila,TUT_SW,Forereef,nSPC,39,5.310031038,10.17445989,21.73272935,4.363064827,41.58028511,14.44210381,19.91628356,736.606187,1473.212374,SAMOA,Tutuila,TUT_SW,Forereef,nSPC,39,1.226598731,3.299063219,2.234216827,0.447285245,5.938025949,0.93993499,0.533865376,3.333988205,5.973711464
6,SAMOA,Tutuila,Vatia,Forereef,nSPC,45,3.291479034,5.728908719,21.56200618,7.456966539,38.03936047,15.00238939,20.0241422,51.49578407,51.49578407,SAMOA,Tutuila,Vatia,Forereef,nSPC,45,0.455974551,1.726852347,2.443659744,0.752891035,3.28493426,0.932461938,0.317079437,2.127033524,9.414116881