Watershed,Sensitivity
Fagaalu,2.6686368465693
Vatia,2.41611545419187
