Group.1,V1
Fagaalu,-0.815962099172247
Vatia,0.34757410797618
