Watershed,HerbivoreDiversity
Fagaalu,0.688652476961666
Vatia,0.815857683295386
